CodigoEstacion,NombreEstacion,Latitud,Longitud,Altitud,Categoria,Entidad,AreaOperativa,Departamento,Municipio,FechaInstalacion,FechaSuspension,IdParametro,Etiqueta,DescripcionSerie,Frecuencia,Fecha,Valor,Grado,Calificador,NivelAprobacion
27015260,SALADA LA [27015260],6.0483611110,-75.62466667,1923,Agrometeorológica,INSTITUTO DE HIDROLOGIA METEOROLOGIA Y ESTUDIOS AMBIENTALES,Area Operativa 01 - Antioquia-Chocó,Antioquia,Caldas,15/07/1984 00:00,,PRECIPITACION,PTPM_TT_M,Precipitación total mensual,Mensual,2019-01-01 00:00,79.1,50,,900
27015260,SALADA LA [27015260],6.0483611110,-75.62466667,1923,Agrometeorológica,INSTITUTO DE HIDROLOGIA METEOROLOGIA Y ESTUDIOS AMBIENTALES,Area Operativa 01 - Antioquia-Chocó,Antioquia,Caldas,15/07/1984 00:00,,PRECIPITACION,PTPM_TT_M,Precipitación total mensual,Mensual,2019-02-01 00:00,78.8,50,,900
27015260,SALADA LA [27015260],6.0483611110,-75.62466667,1923,Agrometeorológica,INSTITUTO DE HIDROLOGIA METEOROLOGIA Y ESTUDIOS AMBIENTALES,Area Operativa 01 - Antioquia-Chocó,Antioquia,Caldas,15/07/1984 00:00,,PRECIPITACION,PTPM_TT_M,Precipitación total mensual,Mensual,2019-03-01 00:00,148.7,50,,900
27015260,SALADA LA [27015260],6.0483611110,-75.62466667,1923,Agrometeorológica,INSTITUTO DE HIDROLOGIA METEOROLOGIA Y ESTUDIOS AMBIENTALES,Area Operativa 01 - Antioquia-Chocó,Antioquia,Caldas,15/07/1984 00:00,,PRECIPITACION,PTPM_TT_M,Precipitación total mensual,Mensual,2019-04-01 00:00,258.2,50,,900
27015260,SALADA LA [27015260],6.0483611110,-75.62466667,1923,Agrometeorológica,INSTITUTO DE HIDROLOGIA METEOROLOGIA Y ESTUDIOS AMBIENTALES,Area Operativa 01 - Antioquia-Chocó,Antioquia,Caldas,15/07/1984 00:00,,PRECIPITACION,PTPM_TT_M,Precipitación total mensual,Mensual,2019-05-01 00:00,238.6,50,,900
27015260,SALADA LA [27015260],6.0483611110,-75.62466667,1923,Agrometeorológica,INSTITUTO DE HIDROLOGIA METEOROLOGIA Y ESTUDIOS AMBIENTALES,Area Operativa 01 - Antioquia-Chocó,Antioquia,Caldas,15/07/1984 00:00,,PRECIPITACION,PTPM_TT_M,Precipitación total mensual,Mensual,2019-06-01 00:00,153.9,50,,900
27015260,SALADA LA [27015260],6.0483611110,-75.62466667,1923,Agrometeorológica,INSTITUTO DE HIDROLOGIA METEOROLOGIA Y ESTUDIOS AMBIENTALES,Area Operativa 01 - Antioquia-Chocó,Antioquia,Caldas,15/07/1984 00:00,,PRECIPITACION,PTPM_TT_M,Precipitación total mensual,Mensual,2019-08-01 00:00,0,4,,900
27015260,SALADA LA [27015260],6.0483611110,-75.62466667,1923,Agrometeorológica,INSTITUTO DE HIDROLOGIA METEOROLOGIA Y ESTUDIOS AMBIENTALES,Area Operativa 01 - Antioquia-Chocó,Antioquia,Caldas,15/07/1984 00:00,,PRECIPITACION,PTPM_TT_M,Precipitación total mensual,Mensual,2019-09-01 00:00,263.5,50,,900
27015260,SALADA LA [27015260],6.0483611110,-75.62466667,1923,Agrometeorológica,INSTITUTO DE HIDROLOGIA METEOROLOGIA Y ESTUDIOS AMBIENTALES,Area Operativa 01 - Antioquia-Chocó,Antioquia,Caldas,15/07/1984 00:00,,PRECIPITACION,PTPM_TT_M,Precipitación total mensual,Mensual,2019-10-01 00:00,287.2,50,,900
27015260,SALADA LA [27015260],6.0483611110,-75.62466667,1923,Agrometeorológica,INSTITUTO DE HIDROLOGIA METEOROLOGIA Y ESTUDIOS AMBIENTALES,Area Operativa 01 - Antioquia-Chocó,Antioquia,Caldas,15/07/1984 00:00,,PRECIPITACION,PTPM_TT_M,Precipitación total mensual,Mensual,2019-11-01 00:00,290.5,50,,900
27015260,SALADA LA [27015260],6.0483611110,-75.62466667,1923,Agrometeorológica,INSTITUTO DE HIDROLOGIA METEOROLOGIA Y ESTUDIOS AMBIENTALES,Area Operativa 01 - Antioquia-Chocó,Antioquia,Caldas,15/07/1984 00:00,,PRECIPITACION,PTPM_TT_M,Precipitación total mensual,Mensual,2019-12-01 00:00,254.4,50,,900
27015260,SALADA LA [27015260],6.0483611110,-75.62466667,1923,Agrometeorológica,INSTITUTO DE HIDROLOGIA METEOROLOGIA Y ESTUDIOS AMBIENTALES,Area Operativa 01 - Antioquia-Chocó,Antioquia,Caldas,15/07/1984 00:00,,PRECIPITACION,PTPM_TT_M,Precipitación total mensual,Mensual,2020-01-01 00:00,63.1,50,,900
27015260,SALADA LA [27015260],6.0483611110,-75.62466667,1923,Agrometeorológica,INSTITUTO DE HIDROLOGIA METEOROLOGIA Y ESTUDIOS AMBIENTALES,Area Operativa 01 - Antioquia-Chocó,Antioquia,Caldas,15/07/1984 00:00,,PRECIPITACION,PTPM_TT_M,Precipitación total mensual,Mensual,2020-02-01 00:00,66.4,50,,900
27015260,SALADA LA [27015260],6.0483611110,-75.62466667,1923,Agrometeorológica,INSTITUTO DE HIDROLOGIA METEOROLOGIA Y ESTUDIOS AMBIENTALES,Area Operativa 01 - Antioquia-Chocó,Antioquia,Caldas,15/07/1984 00:00,,PRECIPITACION,PTPM_TT_M,Precipitación total mensual,Mensual,2020-03-01 00:00,141.8,50,,900
27015260,SALADA LA [27015260],6.0483611110,-75.62466667,1923,Agrometeorológica,INSTITUTO DE HIDROLOGIA METEOROLOGIA Y ESTUDIOS AMBIENTALES,Area Operativa 01 - Antioquia-Chocó,Antioquia,Caldas,15/07/1984 00:00,,PRECIPITACION,PTPM_TT_M,Precipitación total mensual,Mensual,2020-04-01 00:00,183.1,50,,900
27015260,SALADA LA [27015260],6.0483611110,-75.62466667,1923,Agrometeorológica,INSTITUTO DE HIDROLOGIA METEOROLOGIA Y ESTUDIOS AMBIENTALES,Area Operativa 01 - Antioquia-Chocó,Antioquia,Caldas,15/07/1984 00:00,,PRECIPITACION,PTPM_TT_M,Precipitación total mensual,Mensual,2020-05-01 00:00,142,50,,900
27015260,SALADA LA [27015260],6.0483611110,-75.62466667,1923,Agrometeorológica,INSTITUTO DE HIDROLOGIA METEOROLOGIA Y ESTUDIOS AMBIENTALES,Area Operativa 01 - Antioquia-Chocó,Antioquia,Caldas,15/07/1984 00:00,,PRECIPITACION,PTPM_TT_M,Precipitación total mensual,Mensual,2020-06-01 00:00,153.2,50,,900
27015260,SALADA LA [27015260],6.0483611110,-75.62466667,1923,Agrometeorológica,INSTITUTO DE HIDROLOGIA METEOROLOGIA Y ESTUDIOS AMBIENTALES,Area Operativa 01 - Antioquia-Chocó,Antioquia,Caldas,15/07/1984 00:00,,PRECIPITACION,PTPM_TT_M,Precipitación total mensual,Mensual,2020-07-01 00:00,439.4,4,,900
27015260,SALADA LA [27015260],6.0483611110,-75.62466667,1923,Agrometeorológica,INSTITUTO DE HIDROLOGIA METEOROLOGIA Y ESTUDIOS AMBIENTALES,Area Operativa 01 - Antioquia-Chocó,Antioquia,Caldas,15/07/1984 00:00,,PRECIPITACION,PTPM_TT_M,Precipitación total mensual,Mensual,2020-08-01 00:00,181.9,4,,900
27015260,SALADA LA [27015260],6.0483611110,-75.62466667,1923,Agrometeorológica,INSTITUTO DE HIDROLOGIA METEOROLOGIA Y ESTUDIOS AMBIENTALES,Area Operativa 01 - Antioquia-Chocó,Antioquia,Caldas,15/07/1984 00:00,,PRECIPITACION,PTPM_TT_M,Precipitación total mensual,Mensual,2020-09-01 00:00,274.2,50,,900
27015260,SALADA LA [27015260],6.0483611110,-75.62466667,1923,Agrometeorológica,INSTITUTO DE HIDROLOGIA METEOROLOGIA Y ESTUDIOS AMBIENTALES,Area Operativa 01 - Antioquia-Chocó,Antioquia,Caldas,15/07/1984 00:00,,PRECIPITACION,PTPM_TT_M,Precipitación total mensual,Mensual,2020-10-01 00:00,277.5,50,,900
27015260,SALADA LA [27015260],6.0483611110,-75.62466667,1923,Agrometeorológica,INSTITUTO DE HIDROLOGIA METEOROLOGIA Y ESTUDIOS AMBIENTALES,Area Operativa 01 - Antioquia-Chocó,Antioquia,Caldas,15/07/1984 00:00,,PRECIPITACION,PTPM_TT_M,Precipitación total mensual,Mensual,2020-11-01 00:00,257,4,,900
27015260,SALADA LA [27015260],6.0483611110,-75.62466667,1923,Agrometeorológica,INSTITUTO DE HIDROLOGIA METEOROLOGIA Y ESTUDIOS AMBIENTALES,Area Operativa 01 - Antioquia-Chocó,Antioquia,Caldas,15/07/1984 00:00,,PRECIPITACION,PTPM_TT_M,Precipitación total mensual,Mensual,2020-12-01 00:00,126.7,4,,900
27015260,SALADA LA [27015260],6.0483611110,-75.62466667,1923,Agrometeorológica,INSTITUTO DE HIDROLOGIA METEOROLOGIA Y ESTUDIOS AMBIENTALES,Area Operativa 01 - Antioquia-Chocó,Antioquia,Caldas,15/07/1984 00:00,,PRECIPITACION,PTPM_TT_M,Precipitación total mensual,Mensual,2021-06-01 00:00,262.4,50,,900
27015260,SALADA LA [27015260],6.0483611110,-75.62466667,1923,Agrometeorológica,INSTITUTO DE HIDROLOGIA METEOROLOGIA Y ESTUDIOS AMBIENTALES,Area Operativa 01 - Antioquia-Chocó,Antioquia,Caldas,15/07/1984 00:00,,PRECIPITACION,PTPM_TT_M,Precipitación total mensual,Mensual,2021-07-01 00:00,145.9,50,,900
27015260,SALADA LA [27015260],6.0483611110,-75.62466667,1923,Agrometeorológica,INSTITUTO DE HIDROLOGIA METEOROLOGIA Y ESTUDIOS AMBIENTALES,Area Operativa 01 - Antioquia-Chocó,Antioquia,Caldas,15/07/1984 00:00,,PRECIPITACION,PTPM_TT_M,Precipitación total mensual,Mensual,2021-08-01 00:00,322,50,,900
27015260,SALADA LA [27015260],6.0483611110,-75.62466667,1923,Agrometeorológica,INSTITUTO DE HIDROLOGIA METEOROLOGIA Y ESTUDIOS AMBIENTALES,Area Operativa 01 - Antioquia-Chocó,Antioquia,Caldas,15/07/1984 00:00,,PRECIPITACION,PTPM_TT_M,Precipitación total mensual,Mensual,2021-09-01 00:00,262.3,50,,900
27015260,SALADA LA [27015260],6.0483611110,-75.62466667,1923,Agrometeorológica,INSTITUTO DE HIDROLOGIA METEOROLOGIA Y ESTUDIOS AMBIENTALES,Area Operativa 01 - Antioquia-Chocó,Antioquia,Caldas,15/07/1984 00:00,,PRECIPITACION,PTPM_TT_M,Precipitación total mensual,Mensual,2021-10-01 00:00,317.4,4,,900
27015260,SALADA LA [27015260],6.0483611110,-75.62466667,1923,Agrometeorológica,INSTITUTO DE HIDROLOGIA METEOROLOGIA Y ESTUDIOS AMBIENTALES,Area Operativa 01 - Antioquia-Chocó,Antioquia,Caldas,15/07/1984 00:00,,PRECIPITACION,PTPM_TT_M,Precipitación total mensual,Mensual,2021-11-01 00:00,290,50,,900
27015260,SALADA LA [27015260],6.0483611110,-75.62466667,1923,Agrometeorológica,INSTITUTO DE HIDROLOGIA METEOROLOGIA Y ESTUDIOS AMBIENTALES,Area Operativa 01 - Antioquia-Chocó,Antioquia,Caldas,15/07/1984 00:00,,PRECIPITACION,PTPM_TT_M,Precipitación total mensual,Mensual,2021-12-01 00:00,151.3,50,,900
27015260,SALADA LA [27015260],6.0483611110,-75.62466667,1923,Agrometeorológica,INSTITUTO DE HIDROLOGIA METEOROLOGIA Y ESTUDIOS AMBIENTALES,Area Operativa 01 - Antioquia-Chocó,Antioquia,Caldas,15/07/1984 00:00,,PRECIPITACION,PTPM_TT_M,Precipitación total mensual,Mensual,2022-01-01 00:00,124.4,50,,900
27015260,SALADA LA [27015260],6.0483611110,-75.62466667,1923,Agrometeorológica,INSTITUTO DE HIDROLOGIA METEOROLOGIA Y ESTUDIOS AMBIENTALES,Area Operativa 01 - Antioquia-Chocó,Antioquia,Caldas,15/07/1984 00:00,,PRECIPITACION,PTPM_TT_M,Precipitación total mensual,Mensual,2022-02-01 00:00,265.2,50,,900
27015260,SALADA LA [27015260],6.0483611110,-75.62466667,1923,Agrometeorológica,INSTITUTO DE HIDROLOGIA METEOROLOGIA Y ESTUDIOS AMBIENTALES,Area Operativa 01 - Antioquia-Chocó,Antioquia,Caldas,15/07/1984 00:00,,PRECIPITACION,PTPM_TT_M,Precipitación total mensual,Mensual,2022-03-01 00:00,356.4,50,,900
27015260,SALADA LA [27015260],6.0483611110,-75.62466667,1923,Agrometeorológica,INSTITUTO DE HIDROLOGIA METEOROLOGIA Y ESTUDIOS AMBIENTALES,Area Operativa 01 - Antioquia-Chocó,Antioquia,Caldas,15/07/1984 00:00,,PRECIPITACION,PTPM_TT_M,Precipitación total mensual,Mensual,2022-04-01 00:00,308.8,4,,900
27015260,SALADA LA [27015260],6.0483611110,-75.62466667,1923,Agrometeorológica,INSTITUTO DE HIDROLOGIA METEOROLOGIA Y ESTUDIOS AMBIENTALES,Area Operativa 01 - Antioquia-Chocó,Antioquia,Caldas,15/07/1984 00:00,,PRECIPITACION,PTPM_TT_M,Precipitación total mensual,Mensual,2022-05-01 00:00,310.1,4,,900
27015260,SALADA LA [27015260],6.0483611110,-75.62466667,1923,Agrometeorológica,INSTITUTO DE HIDROLOGIA METEOROLOGIA Y ESTUDIOS AMBIENTALES,Area Operativa 01 - Antioquia-Chocó,Antioquia,Caldas,15/07/1984 00:00,,PRECIPITACION,PTPM_TT_M,Precipitación total mensual,Mensual,2022-06-01 00:00,414.3,50,,900
27015260,SALADA LA [27015260],6.0483611110,-75.62466667,1923,Agrometeorológica,INSTITUTO DE HIDROLOGIA METEOROLOGIA Y ESTUDIOS AMBIENTALES,Area Operativa 01 - Antioquia-Chocó,Antioquia,Caldas,15/07/1984 00:00,,PRECIPITACION,PTPM_TT_M,Precipitación total mensual,Mensual,2022-07-01 00:00,168.4,50,,900
27015260,SALADA LA [27015260],6.0483611110,-75.62466667,1923,Agrometeorológica,INSTITUTO DE HIDROLOGIA METEOROLOGIA Y ESTUDIOS AMBIENTALES,Area Operativa 01 - Antioquia-Chocó,Antioquia,Caldas,15/07/1984 00:00,,PRECIPITACION,PTPM_TT_M,Precipitación total mensual,Mensual,2022-08-01 00:00,277.9,50,,900
27015260,SALADA LA [27015260],6.0483611110,-75.62466667,1923,Agrometeorológica,INSTITUTO DE HIDROLOGIA METEOROLOGIA Y ESTUDIOS AMBIENTALES,Area Operativa 01 - Antioquia-Chocó,Antioquia,Caldas,15/07/1984 00:00,,PRECIPITACION,PTPM_TT_M,Precipitación total mensual,Mensual,2022-09-01 00:00,255.9,4,,900
